Lucas,lucas@gmail.com,3200
Maria,mari@gmail.com,2500
Bob,bob@gmail.com,4500
Alex,alex@gmail.com,3000
Junior,junior@gmail.com,5000
Waldir,waldirbraz@gmail.com,3000
Flavin,flavinsilva@gmail.com,2200
Marcus,marcus@gmail.com,5500